ID,Name,Age,Gender,ZipCode,Education,Nationality,Salary
66331,William Murphy,37,Male,15699,High School,Libyan Arab Jamahiriya,81585
98389,Clinton Thomas Jr.,58,Male,16214,High School,Reunion,32482
34205,Eric Castillo,52,Male,17761,High School,Solomon Islands,74278
27080,Matthew Chandler,45,Male,15511,Bachelor,Norfolk Island,85935
75142,Christopher Schmidt,33,Male,17828,High School,Qatar,38144
23398,Tracey Perez,57,Female,17532,High School,Cote d'Ivoire,58335
14486,Nicholas Montgomery,39,Male,16697,High School,Benin,38395
38579,Chad Moore,29,Male,19536,Bachelor,South Africa,72791
80921,Lauren Green,41,Female,18356,Bachelor,Bangladesh,109023
15033,Debbie Benitez,52,Female,19113,High School,French Polynesia,78846
50114,Marie Petersen DDS,24,Female,19025,Bachelor,Faroe Islands,67469
31628,Nicole Sexton,36,Female,18770,Bachelor,Niue,57247
7094,Laura Barnett,21,Female,16882,High School,Cote d'Ivoire,98148
17251,Dr. Kathryn Alvarado MD,39,Female,17730,High School,Saint Martin,109730
72271,Lynn Sullivan,34,Female,15850,Bachelor,Cote d'Ivoire,47654
33070,Derek Paul,59,Male,18558,High School,Panama,117613
77079,Charles Hughes,32,Male,16642,High School,Brazil,39648
55077,Jeremy Suarez,46,Male,17783,High School,Vietnam,56568
87284,Tammy Patel,54,Female,17073,Bachelor,Trinidad and Tobago,47402
30183,Steven Parker,34,Male,18779,High School,Reunion,61525
45032,Kyle Davies,59,Male,19135,High School,Sao Tome and Principe,86902
84554,Sheri Williams,29,Female,19272,High School,Benin,56631
66287,Daniel Johnson,36,Male,17789,Master,Equatorial Guinea,76270
49312,Kenneth Graves,28,Male,16026,Bachelor,Marshall Islands,41309
84625,Marcus Powell,43,Male,17577,PhD,Jamaica,113012
39312,Brian Reynolds,35,Male,17304,High School,Egypt,44085
70374,Ryan Griffith,41,Male,19204,Master,Norway,96391
81725,Richard Meza,24,Male,17530,High School,Ghana,63781
17515,Carol Kirby,32,Female,16571,High School,Trinidad and Tobago,88764
80378,Priscilla Garrett,31,Female,17185,High School,Gabon,112328
17022,Victoria Dean,30,Female,16270,High School,Pakistan,33412
44361,Diana Vaughn,46,Female,15838,Master,Bahamas,93464
49419,Monica Maldonado,20,Female,18448,Bachelor,Thailand,96173
7583,Lori Anderson,23,Female,17988,High School,Guadeloupe,92230
7672,Wendy Spence,54,Female,18523,Master,Faroe Islands,68128
51077,Michael Morrow,42,Male,18448,Master,Guadeloupe,66456
36655,Marissa Walker,46,Female,18497,PhD,Faroe Islands,47251
44642,Shannon Bryan,41,Female,18216,Bachelor,Gabon,113118
82964,Dana Brown,60,Female,16342,Master,Liberia,76623
82791,Marcia Morton,49,Female,17955,High School,Israel,79675
90860,Calvin Howe,60,Male,17728,High School,Angola,103005
66662,Hannah Moody,43,Female,19019,Master,Gabon,71577
32695,Harry Mason,20,Male,16020,Bachelor,Saint Barthelemy,85421
77661,Laura Lyons,28,Female,16545,High School,Finland,119315
13179,Connie Johnson,50,Female,17108,High School,Solomon Islands,61126
78946,Austin Castillo,28,Male,19901,Bachelor,Equatorial Guinea,50437
98047,George Miller,22,Male,17316,Bachelor,Trinidad and Tobago,110030
59555,Monica Smith,60,Female,17280,High School,South Africa,45057
49504,Erik Sims,38,Male,19213,Bachelor,Cape Verde,59801
85996,Eric Barton,43,Male,17637,Bachelor,Croatia,34152
30152,Catherine Woods,45,Female,16289,Master,Samoa,118121
52466,Emily Baker,29,Female,18682,High School,El Salvador,34402
14492,Jennifer Pugh,31,Female,18887,High School,Faroe Islands,40160
21487,John Jones,38,Male,17948,Master,Finland,118545
95664,John Jimenez,31,Male,19857,High School,Luxembourg,99748
30121,Kristin Bradley,51,Female,16866,Bachelor,Jamaica,95843
35603,Gene Jackson,51,Male,16601,Bachelor,China,65169
32689,Eric Bautista,36,Male,16451,PhD,Saint Pierre and Miquelon,78687
11921,Andrea Johnson,31,Female,17892,High School,Saint Kitts and Nevis,91247
82571,Elizabeth Baldwin,59,Female,18703,High School,Liberia,43597
34392,Lisa Shelton,25,Female,19313,Master,Sri Lanka,47066
97525,Victoria Fuller,22,Female,19706,Master,Equatorial Guinea,56130
36251,Jane Sanchez,25,Female,16038,High School,Hong Kong,92194
50304,Aaron Sullivan MD,58,Male,16684,High School,Antigua and Barbuda,94660
15485,Todd Rivera,35,Male,17612,High School,Faroe Islands,116384
84838,Casey Harris,28,Female,18026,Bachelor,Hungary,81511
72349,Mark Brock,51,Male,16842,Bachelor,Cote d'Ivoire,62138
65567,Barbara Brown,25,Female,19232,High School,Burkina Faso,119253
8542,Michael Zuniga,45,Male,18749,Bachelor,Cambodia,102673
81093,Cristian Green,29,Male,18576,High School,Argentina,93558
35265,Krista Miller,37,Female,19063,High School,French Polynesia,64275
55171,Mark Patterson,25,Male,18161,High School,Saint Pierre and Miquelon,42034
82979,Sean Young,38,Male,17291,Bachelor,New Zealand,45199
86218,James Mccullough,59,Male,16585,Bachelor,Gibraltar,62251
69901,Donald Ramsey,48,Male,17936,Bachelor,Cambodia,111385
1276,Renee Johnson,46,Female,17098,High School,Reunion,63157
41733,Robert Carter,51,Male,17278,Master,Cape Verde,31105
33955,Christopher Alexander,37,Male,17289,Bachelor,Sri Lanka,103246
87809,Tony Miller,43,Male,17365,High School,Andorra,102106
51244,Maria Henderson,49,Female,16232,High School,Bangladesh,75334
70817,Corey Jordan,42,Male,17358,High School,Panama,53843
48015,Vanessa Pope,26,Female,19127,Bachelor,Zimbabwe,63711
84604,Alejandro Young,31,Male,15882,Bachelor,Reunion,107185
33186,Andrew Mahoney,48,Male,18418,Bachelor,Ghana,105030
97257,Robyn Williams,23,Female,17493,Bachelor,Zimbabwe,41745
31782,Jeremiah Rice,35,Male,18933,High School,Sao Tome and Principe,38505
43148,Sean Landry,29,Male,16948,High School,French Polynesia,96068
26560,Kevin Rogers,48,Male,19259,High School,Timor-Leste,112298
1791,George Jackson,43,Male,16260,High School,Vietnam,114585
43990,Kurt Castillo,34,Male,18908,PhD,Trinidad and Tobago,96067
79103,Karen Jackson,41,Female,17418,High School,Rwanda,50584
24688,Michelle Palmer,40,Female,19538,Bachelor,Sao Tome and Principe,86481
14756,Joseph Vazquez,30,Male,19014,Master,Panama,63466
82903,Michael Frazier,47,Male,15975,High School,Barbados,95752
96057,Mandy Hunt,47,Female,15695,High School,Samoa,119930
30587,Elizabeth Carter,25,Female,17846,PhD,Qatar,116229
10149,Laurie Richmond,21,Female,19274,High School,Egypt,82935
60698,Chelsea Jones,50,Female,17535,High School,Pakistan,30283
90286,Walter Thompson,21,Male,19938,High School,Angola,38370
90591,Erin Williams,31,Female,19757,PhD,Israel,73347
91011,Elizabeth Calderon,54,Female,18852,Master,Antigua and Barbuda,115417
5066,Tracy Bruce,39,Female,18851,Bachelor,Georgia,85668
93903,Carol Hood,57,Female,18170,High School,Myanmar,82918
1899,Bruce Williams,27,Male,15672,High School,Hong Kong,39922
17204,William Stephens,37,Male,17309,PhD,Liberia,60625
55166,Joshua Jackson,31,Male,15949,Master,Marshall Islands,99091
62442,Jennifer Hall,51,Female,16491,Bachelor,Norway,100241
13478,Samuel Carr,23,Male,18252,Bachelor,Nauru,36271
95454,Jordan Burke,59,Male,18701,High School,Argentina,52588
72345,Jonathan Moore,36,Male,16726,Bachelor,Antigua and Barbuda,32805
22493,Allison Henderson,45,Female,15707,PhD,Saint Martin,115927
13451,Shannon Woods,57,Female,16989,High School,Benin,88425
16853,Samantha Garner,46,Female,16182,Bachelor,Finland,86365
14227,Susan Vance,24,Female,17908,Bachelor,Bangladesh,63387
14534,Lucas Pearson,34,Male,16313,High School,Solomon Islands,68714
67545,Nicole Williamson,35,Female,19895,PhD,Israel,57163
38848,Amy Howell,51,Female,16796,High School,Iceland,91844
59000,Tristan Ward,39,Male,18557,High School,Sudan,89777
18912,Morgan Bryant,41,Female,19221,Bachelor,Egypt,70751
79101,Norma Hicks,33,Female,19975,High School,Myanmar,88126
68065,Kimberly Griffith,50,Female,17435,High School,Marshall Islands,94489
1236,Tara Duffy,56,Female,18332,High School,Guernsey,41990
94895,Lindsey Kim,36,Female,19849,Master,Ukraine,103688
66651,Carolyn Stephens,53,Female,15770,Bachelor,Solomon Islands,70772
41820,James Johnson,46,Male,18869,High School,Rwanda,63717
64833,Arthur Gonzales,42,Male,18080,High School,Azerbaijan,97568
96109,Krystal Curtis,31,Female,16142,Bachelor,Libyan Arab Jamahiriya,68364
94517,Heather Padilla,40,Female,19437,High School,Finland,52598
96043,Melanie Berry,52,Female,17041,High School,Angola,47804
78771,Matthew Newman,31,Male,15619,High School,Norway,67328
73442,Miss Sharon Jones,58,Female,18169,Bachelor,Belarus,115853
49741,Nicole Hall,41,Female,18119,Bachelor,Sri Lanka,64352
14273,Christopher Baker,22,Male,17684,Master,South Africa,64135
51473,Amber Kim,28,Female,17532,Bachelor,Algeria,116375
96518,Christopher Freeman,40,Male,19781,High School,Singapore,31206
27078,Valerie Santos,32,Female,16063,High School,Myanmar,114763
80960,Tommy Wong,21,Male,16227,High School,Barbados,57265
26197,Victoria Harrell,45,Female,16561,High School,Nigeria,50055
20415,Deanna Daniels,22,Female,17561,Master,Singapore,84475
75620,Terri Patterson,55,Female,19402,Master,Cote d'Ivoire,35955
84589,James Stevenson,48,Male,15715,Master,Faroe Islands,44506
72902,Douglas Hernandez,20,Male,17947,High School,Croatia,111999
87682,Jamie Jones,36,Male,16011,Bachelor,Algeria,86105
21734,Mark Robinson,36,Male,19852,PhD,Faroe Islands,45878
62155,Austin Wilson,36,Male,16013,High School,Senegal,55540
17471,Natalie Molina,30,Female,19688,Bachelor,Faroe Islands,31513
28749,Andrew Wilson,25,Male,18261,High School,Egypt,52110
76793,Anita Hendrix,53,Female,16569,Master,Ireland,37299
3360,Darius Wright,56,Male,18614,High School,Zimbabwe,90889
33951,Jeremy Reeves,60,Male,15951,High School,Nigeria,116876
50524,Donna Alvarez,55,Female,18405,High School,Panama,71810
59884,Linda Ruiz,23,Female,19414,Bachelor,South Africa,54084
40625,Nicole Andersen,47,Female,17317,High School,Hong Kong,31506
82926,Jacob Turner,59,Male,16954,High School,Nigeria,37055
69247,Diana Contreras,57,Female,19624,Bachelor,Faroe Islands,61736
71435,Jennifer Doyle,47,Female,18692,PhD,British Indian Ocean Territory (Chagos Archipelago),104833
47212,Russell Henderson,32,Male,17870,High School,Cote d'Ivoire,45221
42116,Jeffrey Hart,40,Male,17306,High School,Israel,90206
87228,Patrick Jones,31,Male,18792,PhD,Guadeloupe,79333
78089,John Rodriguez,47,Male,16753,Bachelor,China,73032
71324,Kelly Ramirez,31,Female,17011,Bachelor,Isle of Man,60356
37010,Luis Collins,34,Male,16135,Bachelor,Rwanda,110822
21613,Jesse Sampson PhD,54,Male,18152,Master,Belarus,93588
41002,John Bradley,25,Male,18261,Bachelor,Samoa,37201
49146,Martin Madden,46,Male,16507,Bachelor,Syrian Arab Republic,77350
96599,Maria Martin,40,Female,17604,High School,China,80723
42797,Scott Doyle,32,Male,19769,High School,Ukraine,42775
40558,William Bowman,47,Male,15998,High School,Brazil,90511
61168,Teresa Coffey,45,Female,18321,High School,Egypt,95613
84171,Timothy Martinez,54,Male,16691,Bachelor,Vietnam,94656
79196,Katrina Long,50,Female,16342,High School,Croatia,81936
48389,David Lopez,44,Male,16134,Bachelor,Solomon Islands,50303
18273,Shawna Bailey,48,Female,19965,High School,Israel,70353
82917,Edward Barrett,26,Male,17108,Bachelor,Ireland,114063
52157,Kaylee Cox,38,Female,17558,High School,Turkey,91425
25501,Sara Thomas,47,Female,17087,Bachelor,Equatorial Guinea,57727
46573,Jessica Hurst,39,Female,18836,High School,Zimbabwe,50473
35377,Christine Holden,47,Female,17953,Bachelor,Finland,39204
44117,Steven Robinson,27,Male,19025,High School,Argentina,46513
78286,Krystal Middleton,43,Female,18604,High School,Pakistan,62357
29857,Robert Allen,32,Male,18140,High School,Norfolk Island,77014
31972,Angela Gibson,44,Female,18023,High School,Senegal,77406
89632,Kenneth Murphy,35,Male,16699,High School,Zimbabwe,39840
47643,Elizabeth Hall,56,Female,19091,High School,Iceland,49121
73393,Christopher Williams,20,Male,18499,Bachelor,Isle of Man,47859
70670,Alejandro Moore,24,Male,18509,High School,El Salvador,117615
12661,Mary Davis,29,Female,17066,Bachelor,Benin,108687
62965,Cody James,50,Male,17592,Master,Faroe Islands,59479
85639,Sandra Morales,26,Female,15619,High School,Mauritania,47498
28919,Jennifer Scott,37,Female,16580,High School,Finland,33666
33543,Walter Wilson,38,Male,18467,High School,French Polynesia,96060
42442,Ronald Perez,57,Male,17198,Bachelor,Equatorial Guinea,106927
31297,Craig Pierce,42,Male,17520,High School,Norway,112920
13689,Rebecca Hobbs,31,Female,19511,High School,Samoa,39824
73012,Crystal Henderson,38,Female,16882,High School,Benin,44122
89828,Gabriel Bryan,41,Male,17599,High School,Cote d'Ivoire,36168
38499,Donald Fernandez,42,Male,16360,High School,Sao Tome and Principe,112621
24993,Henry Grant,57,Male,17222,High School,Andorra,36101
53530,Rebecca Santos,35,Female,19368,High School,Ireland,78761
54350,Michael Sanchez,53,Male,16599,High School,Brazil,53499
66274,Pamela Thomas,32,Female,17224,High School,Cambodia,63612
77505,Shelia Dunn,24,Female,19568,Master,Guernsey,91625
21355,Jessica Graves,40,Female,19053,High School,Samoa,35590
64521,Zachary Kelly,55,Male,17656,PhD,Israel,111847
89532,Teresa Velazquez,20,Female,19210,High School,Samoa,74266
25993,Andrew Lawrence,54,Male,17127,Bachelor,Marshall Islands,74352
81315,Karen Ward,51,Female,17501,Bachelor,Brazil,110006
89979,Janet Bowers,38,Female,18183,High School,Holy See (Vatican City State),113086
73798,Christy Warren,43,Female,15867,Master,Gabon,47056
31853,Michael Moody,29,Male,16498,Master,Slovenia,46170
42939,Jerome Spencer,53,Male,19763,High School,Reunion,87261
25822,Deborah Stanton MD,36,Female,16086,Master,Belarus,45689
90983,Jerry Potts,23,Male,18425,Bachelor,China,119516
92350,Michael Moore,22,Male,18373,Bachelor,Brazil,108121
54002,Ana Taylor,28,Female,17368,High School,Timor-Leste,112164
30049,Colin Martin,46,Male,18218,High School,Niger,113053
22780,Joyce Hodges,26,Female,15948,High School,Angola,48067
79862,Michelle Brooks,45,Female,16741,Bachelor,Senegal,44833
54635,Joseph Wilson,24,Male,18682,Bachelor,Faroe Islands,41400
25892,Jamie Richards,39,Female,19758,High School,Nigeria,119774
18513,Jennifer Bennett,52,Female,15843,High School,Hungary,61600
64223,Crystal Campbell,24,Female,18695,High School,Marshall Islands,52528
60906,Christine Costa,28,Female,16959,Bachelor,Sri Lanka,30819
3521,Kimberly Green,27,Female,19451,High School,Belgium,93859
47791,Justin Craig,51,Male,16788,High School,Equatorial Guinea,74800
25590,Craig Aguilar,44,Male,17377,High School,New Zealand,110674
68426,Shane Wolfe,26,Male,16689,PhD,Lithuania,33791
46332,Brandon Coleman,54,Male,18030,Bachelor,Norfolk Island,117847
76839,Timothy Kelley,48,Male,16680,High School,Faroe Islands,114687
64235,Hannah Gibson,57,Female,18056,PhD,Sudan,89815
38681,Andrew Roberts,23,Male,15848,High School,Thailand,36268
47578,Brian Smith,38,Male,18261,PhD,Isle of Man,88954
37194,Jamie Perkins,29,Female,19352,Bachelor,United States Minor Outlying Islands,109597
69673,Casey Todd,34,Male,19471,High School,Syrian Arab Republic,82350
17410,Justin Day,23,Male,19721,High School,Mauritania,89390
93626,Robert Griffin,38,Male,17656,Bachelor,Croatia,65409
76729,Rachael Clark,41,Female,18870,High School,Uzbekistan,45493
25323,Marcia Melton,46,Female,16036,High School,Marshall Islands,107017
42204,Wendy Wells,40,Female,15721,PhD,Niger,37386
86198,Howard Harris,31,Male,16182,High School,Turkey,45646
1997,Samuel Werner,42,Male,17927,High School,Luxembourg,105958
12988,Mr. Nicholas Heath,41,Male,18566,High School,Belarus,112594
80867,Adam Thomas,24,Male,16074,Bachelor,Israel,41870
47918,Douglas Miller,35,Male,19595,High School,Cambodia,103712
38352,Mark Skinner,30,Male,17353,High School,Cambodia,81440
13666,Cindy Hernandez,25,Female,18399,High School,Equatorial Guinea,101921
20076,Lauren Chapman,27,Female,18883,Bachelor,Bhutan,105130
50206,Larry Allen,30,Male,19471,Master,Thailand,40335
15587,Sheri Williams,36,Female,18944,Bachelor,Cote d'Ivoire,107266
9025,Melissa Miller,24,Female,15507,PhD,Angola,89779
92263,Sarah Smith,42,Female,17842,Bachelor,Liberia,50427
93082,Robin Reed MD,54,Female,16406,High School,Equatorial Guinea,80856
62467,Susan Johnson,29,Female,16846,High School,Cote d'Ivoire,59869
82676,Rebecca Moore,48,Female,19359,Bachelor,Thailand,34402
1343,David Myers,28,Male,17736,High School,Belgium,88213
93021,Morgan Sparks,27,Female,18109,High School,Samoa,71435
69871,Jacob Kim,28,Male,19167,High School,Antigua and Barbuda,107548
66986,Connie Rojas,40,Female,17153,Bachelor,Norfolk Island,92144
30229,Ryan Miranda,39,Male,19650,High School,Niger,53588
18481,Paula Mckinney,22,Female,18023,Master,French Polynesia,51471
83064,Marcus Hernandez,52,Male,17100,Master,Cambodia,49965
70114,Donna Parker,53,Female,19227,High School,Samoa,114584
2200,Kathleen West,23,Female,16334,High School,United States of America,107067
42430,Brett Wallace,35,Male,16270,High School,Hong Kong,114583
37737,Aaron Michael,30,Male,18466,High School,Croatia,114142
95458,Brian Campbell,22,Male,17783,High School,Uzbekistan,52720
60665,Ryan Sutton,48,Male,18208,High School,Timor-Leste,86009
68996,Lisa Mitchell,58,Female,17254,Master,Sudan,112673
20260,Amanda Benson,43,Female,18412,Bachelor,Liberia,91019
27715,Samantha Soto,27,Female,16892,Bachelor,Angola,102692
59037,Gregory Daniels,47,Male,19792,Master,China,72397
66706,Diana Bennett,28,Female,18232,High School,Cape Verde,50394
64551,Miss Sarah Miller DDS,50,Female,17040,Bachelor,Greenland,118939
36276,Ryan Hanson,34,Male,18485,Bachelor,Reunion,105063
87867,Alexandra Mayo,25,Female,17444,High School,Cape Verde,34465
11783,Lori Deleon,28,Female,17796,Master,Ghana,40807
47280,Brian Silva,59,Male,18169,High School,Sri Lanka,54463
89411,Willie Foster,21,Male,19000,High School,Cote d'Ivoire,37594
54642,Katie Porter,41,Female,19280,Bachelor,Reunion,51922
90424,Charles Walker,43,Male,15895,High School,Isle of Man,53359
37405,Connie Cantu,50,Female,16465,PhD,Azerbaijan,96604
10833,Christine Washington,50,Female,16569,Bachelor,Marshall Islands,35395
72837,Adriana Brady,27,Female,15852,High School,Azerbaijan,109640
76425,Mrs. Margaret Williams,50,Female,17874,Master,Cape Verde,103331
58230,Vanessa Morales,53,Female,19616,Master,Myanmar,113579
5172,Michelle Morris,47,Female,16370,High School,Zimbabwe,116488
70315,Shawn Stephens,44,Male,17049,Bachelor,China,80612
53907,Matthew Castaneda,38,Male,16163,High School,Gabon,111057
49007,Teresa Gomez,60,Female,18315,High School,New Zealand,76151
4484,Mrs. Sandra Knight,21,Female,17044,Master,Barbados,99912
79990,Nichole White,52,Female,18376,Master,Timor-Leste,57301
10767,Emily Hall,42,Female,17218,High School,Guinea-Bissau,57418
28669,Jodi Cole,53,Female,16363,Bachelor,El Salvador,107423
75824,Dennis Young,53,Male,18284,Bachelor,Algeria,112160
19954,Rebecca Morgan,21,Female,18908,Bachelor,New Zealand,112450
80558,Carolyn Simon,54,Female,15836,High School,Ghana,48623
55823,Jordan Barrett,28,Female,18171,Bachelor,Syrian Arab Republic,54628
30267,Eileen Duncan,36,Female,18364,High School,Slovenia,73037
28534,Jonathan Pratt,30,Male,19018,Bachelor,Greenland,62162
56138,Michael Finley,53,Male,15977,High School,Angola,106112
96690,Monica Chapman,28,Female,19559,High School,China,75375
51696,Nicole Morgan,51,Female,18624,Bachelor,Slovenia,106244
28688,Dr. David Thompson II,36,Male,18313,High School,Iceland,70822
24756,Allison Carpenter,32,Female,19296,High School,Argentina,109392
48563,Heather Sharp MD,51,Female,19541,High School,Argentina,30961
32494,Tammy Crawford,42,Female,15809,Master,Cape Verde,53471
65335,Nicholas Sloan,27,Male,17696,Master,Panama,54819
95900,Shannon Williams,41,Male,17419,High School,Finland,32016
96378,Kelly Murphy,22,Female,19117,Master,Ghana,76349
45648,William Williams,42,Male,17955,PhD,Barbados,118311
27283,Tiffany Griffith,28,Female,17780,Master,United States of America,48845
21651,Patrick Morales,46,Male,15648,Bachelor,Nigeria,90912
8076,Mr. Robert Baldwin,43,Male,19106,High School,Ireland,93679
7759,Joseph Glenn,57,Male,18521,High School,Reunion,81644
61110,Joshua Hill,23,Male,18948,High School,Bhutan,36859
36740,Justin Myers,21,Male,15903,Bachelor,Japan,115513
26086,Devin Thompson,54,Male,18561,Bachelor,Burkina Faso,87934
86031,Joseph Velasquez,36,Male,18281,High School,Marshall Islands,119892
66923,Benjamin Gray,42,Male,18340,PhD,Panama,111764
40623,Mary Davis,43,Female,16282,High School,Cape Verde,34207
91625,Douglas Dickerson,53,Male,16221,Bachelor,Luxembourg,30961
50862,Daniel Hoffman,52,Male,19087,High School,Panama,110909
77876,Angelica Brock,39,Female,17578,Bachelor,Lithuania,84196
26694,Beth Gordon,59,Female,16500,High School,Myanmar,106351
64441,Alexander Lynch,23,Male,18065,High School,Guernsey,36506
74523,Stephen Mendez,28,Male,17452,Bachelor,Panama,85511
9924,James Brady,21,Male,17666,Master,Qatar,67606
36678,Wendy Hall,43,Female,18196,High School,Hong Kong,102918
75313,Charles Hood,44,Male,16817,Bachelor,Singapore,76435
74259,Ronald Thomas,43,Male,16903,Master,Reunion,53880
12625,Jennifer Davis,30,Female,19019,High School,Angola,119986
91263,Christopher Willis,52,Male,17566,High School,Rwanda,101001
6102,Jonathan Hernandez,21,Male,19340,Master,Angola,50407
10281,Taylor Grimes,46,Male,18985,High School,Isle of Man,37295
3992,Melissa Smith,40,Female,18804,High School,United Arab Emirates,50864
29436,Stephanie Chandler,43,Female,17638,High School,New Zealand,118271
5095,Tina Smith,28,Female,17893,Master,Nigeria,57379
15996,Joanna Raymond,43,Female,17797,High School,Qatar,106010
42593,Mr. Jason Melendez,35,Male,17824,Master,Saint Kitts and Nevis,37052
49904,Pamela Estes PhD,59,Female,16239,Bachelor,Ghana,67707
35356,Terry Garcia,36,Male,18960,Bachelor,Angola,36019
20436,Samantha Mercer,28,Female,17636,High School,Thailand,53552
52262,Richard Lowe,30,Male,16879,High School,United States of America,76104
82536,Karen Gonzalez,32,Female,15524,High School,Brazil,73600
88289,Damon Ponce,56,Male,18144,Master,Faroe Islands,79580
29140,Mark Alvarez,56,Male,16889,High School,Angola,116389
61151,Alexis Mcgee,55,Female,17232,Bachelor,Nigeria,103149
64175,William Mata,29,Male,18512,Bachelor,Isle of Man,75079
81124,Tina Baldwin,34,Female,18041,High School,Egypt,59074
33640,Alexis Adams,30,Female,16385,Bachelor,Andorra,84831
49943,Jennifer Murray,49,Female,18948,Bachelor,Mauritania,103561
3850,Terry Klein,43,Male,17501,Bachelor,Turkey,30043
21888,Edwin Smith,41,Male,18159,Master,Norway,83626
67615,Christopher Barajas,22,Male,19658,Master,Faroe Islands,53007
33913,Johnathan Knapp,41,Male,15818,PhD,Angola,65015
54573,Rodney Sanchez,45,Male,19663,High School,Holy See (Vatican City State),119136
33373,Bradley Ayers,21,Male,16872,High School,Gabon,92185
7712,Erica Cooper,33,Female,16624,High School,Ireland,66676
5663,William Garcia,20,Male,19769,Bachelor,Niue,111033
7605,David Brewer,53,Male,18317,PhD,Libyan Arab Jamahiriya,41366
12378,Jamie Harper,38,Female,16120,Bachelor,Faroe Islands,94251
16622,Christopher Monroe,50,Male,19027,High School,Finland,82482
57160,Ms. Lisa Dean,25,Female,16311,High School,Libyan Arab Jamahiriya,51224
97224,David Mejia,43,Male,15812,High School,Saint Kitts and Nevis,97620
67762,Anne Murphy,38,Female,18854,Bachelor,Myanmar,42405
86144,Anna Snyder,25,Female,18709,High School,Myanmar,87532
49690,Tracy Morris,28,Female,17260,PhD,Cambodia,38244
28931,Michelle Wu,21,Female,17014,High School,Guinea-Bissau,70508
63321,Kelly Odonnell,21,Female,19673,Bachelor,New Zealand,47654
66567,Daniel Stewart,50,Male,18362,Bachelor,Nauru,58236
37481,Veronica Gardner,43,Female,16902,High School,Benin,75723
17599,April Brown,43,Female,18208,High School,Benin,114589
87013,Charles Stephens,44,Male,16621,High School,Mauritania,81047
10392,Tracey Ferguson,31,Female,17895,Bachelor,Myanmar,59035
63410,Wendy Curtis,48,Female,16696,High School,Luxembourg,30042
37996,James Michael,57,Male,16019,High School,Timor-Leste,84020
16079,Mr. Michael Powell,27,Male,19075,High School,Bangladesh,99822
35060,Darryl Wilson,51,Male,18941,High School,Pakistan,68122
95618,David Briggs,58,Male,16046,Bachelor,Bangladesh,69716
17020,Tammy Dominguez,46,Female,18533,High School,Rwanda,109639
97479,Amanda Hamilton,26,Female,19512,High School,Samoa,91421
94691,Catherine Hayes,36,Female,17655,Bachelor,Bhutan,67626
22558,Eric Pearson,52,Male,18780,Bachelor,Hong Kong,62614
69000,Ryan Bailey,60,Male,16384,Master,Guadeloupe,62493
71896,Curtis Reese Jr.,51,Male,15962,Master,British Indian Ocean Territory (Chagos Archipelago),43857
94259,Christopher Arnold,26,Male,19078,Bachelor,Iceland,35240
51114,Daniel Jones,43,Male,16410,Bachelor,China,90973
95408,Rebecca Joyce,22,Female,18697,High School,Panama,65677
68862,Bryan Wolf,39,Male,16185,Master,Timor-Leste,98159
42101,Dale Bennett,56,Male,16156,High School,Saint Martin,71948
6982,Stephanie Rivera,42,Female,17720,Bachelor,Cote d'Ivoire,107562
83191,Adam Richardson,45,Male,18169,Master,Saint Martin,81454
62233,Lindsey Wells,45,Female,16192,Bachelor,Angola,31715
47264,Tracy Macias,45,Male,16424,High School,United States of America,35860
40646,Paula Ferguson,38,Female,18374,Bachelor,Faroe Islands,73644
77898,Elizabeth Webb,53,Female,19913,PhD,South Africa,107047
17539,Pamela Erickson,36,Female,17170,Master,Angola,109865
54100,Tommy Ortiz,56,Male,18241,Bachelor,Reunion,40085
75547,Bradley Perry,43,Male,19610,High School,Bhutan,69946
21208,Sonya Foster,27,Female,17599,High School,Turkey,57029
53999,Donna Johnson,31,Female,19805,Bachelor,Benin,58451
65686,Kristin Powell,26,Female,18592,High School,Qatar,55983
36975,Jeffrey Poole,58,Male,17494,Bachelor,Cape Verde,31311
11370,Erin Vincent,31,Female,19987,PhD,Finland,105540
5497,Mrs. Rachel Smith,40,Female,18772,High School,Panama,59185
57265,David Hess,60,Male,19084,High School,Saint Barthelemy,35197
85173,Rebekah Houston,47,Female,18597,Bachelor,Thailand,116182
77788,Cynthia Miller,56,Female,19565,Bachelor,United Arab Emirates,64897
5289,Jacqueline Smith,46,Female,16511,High School,Solomon Islands,116700
49637,Robert Petty,42,Male,18792,High School,Panama,31501
4982,Allen Hardy,55,Male,19441,High School,Singapore,92489
18140,Erika Lopez,49,Female,18717,High School,Saint Martin,40182
42105,Kimberly Williams,47,Female,16386,High School,Cape Verde,94776
26707,Jacob Simon,41,Male,18765,High School,South Africa,67692
89904,Julie Blake,49,Female,18830,High School,Saint Kitts and Nevis,88445
21254,Thomas Robinson,35,Male,15880,High School,Guinea-Bissau,54669
5042,Deanna Vasquez,55,Female,16524,Master,Ireland,100808
46353,Kim Gardner,50,Female,19674,High School,French Polynesia,84575
67840,Stephanie Ware,45,Female,17285,High School,Zimbabwe,65792
58700,Michael Miller,35,Male,16743,High School,Uzbekistan,119513
46845,Dawn Myers,53,Female,15644,High School,Saint Pierre and Miquelon,90762
43701,Laura Garcia,59,Female,19945,Bachelor,Saint Kitts and Nevis,62015
3946,Craig Strong,54,Male,16485,PhD,Equatorial Guinea,95015
46334,Charlene Tapia,37,Female,19991,High School,Saint Kitts and Nevis,65220
81135,Teresa Sampson,29,Female,18249,Master,Guinea-Bissau,100822
86150,Richard Barnes,47,Male,17483,Bachelor,Norway,111394
16369,Joshua Johnson,33,Male,16953,High School,United Arab Emirates,69973
94238,Phillip Baker,31,Male,19683,High School,Myanmar,97297
63379,Edward Jackson,60,Male,18558,Master,Nauru,58439
97569,Jonathan Taylor,46,Male,15987,High School,Luxembourg,109079
92789,Brian Day DVM,54,Male,18094,High School,Vietnam,113709
2897,Michael Mcdaniel,46,Male,15511,High School,United States of America,54649
34172,Vincent Parker,43,Male,16438,High School,Cote d'Ivoire,68623
49377,Gregory Garrett,26,Male,17727,Master,Slovenia,65430
94345,Briana Perkins,28,Female,15603,Bachelor,Faroe Islands,79942
99083,Richard Owens,54,Male,15580,Bachelor,Sudan,55631
78835,Gloria Craig,44,Female,17586,Bachelor,Panama,112685
73623,Geoffrey Frank,26,Male,18133,High School,Reunion,44428
13269,Catherine Smith,48,Female,16345,High School,Sri Lanka,55552
64998,Linda Jackson,60,Female,18369,Bachelor,Israel,94700
71638,Nicole Rice,37,Female,17600,High School,Bangladesh,40526
81169,Ashlee Johnson,29,Female,15608,High School,Brazil,35282
95928,Zoe Smith,25,Female,17197,High School,Gibraltar,52060
3510,Michael Clements,52,Male,16089,Bachelor,Benin,97922
80951,Shane Lynn,55,Male,16398,High School,Bhutan,97505
58555,Lori Bailey,42,Female,17661,Bachelor,Saint Barthelemy,89065
20360,Thomas Lee,24,Male,19123,Bachelor,Angola,118059
39803,James Davis,52,Male,17683,High School,United States Minor Outlying Islands,60087
82450,Hannah Smith,51,Female,17844,Master,Faroe Islands,67728
4219,Barbara Rodriguez,22,Female,18334,High School,Qatar,35140
89950,Lauren Hill,60,Female,18497,Master,Samoa,91261
39084,Andrew Bates,43,Male,15702,High School,Myanmar,57818
31198,David Moody,39,Male,18231,High School,Senegal,81428
32892,Tom Riddle,21,Male,15695,Bachelor,Norway,34177
98793,Brad Fleming,29,Male,17012,Bachelor,Burkina Faso,56201
44360,Michael Foster,44,Male,17290,Master,Solomon Islands,116715
10534,Charles Cole,22,Male,15754,High School,Ghana,67544
48092,John Scott,55,Male,18486,PhD,Japan,73869
93375,Madison Schultz,56,Female,15797,High School,Sudan,79375
45710,Brian Long,47,Male,19393,Bachelor,Iceland,111502
55043,Destiny Pittman,41,Female,18848,High School,Belgium,40388
53675,Miss Michelle Wagner,29,Female,15597,High School,Panama,63008
42038,Joshua Duncan,39,Male,18412,High School,Sudan,100380
59305,Gordon Hudson,24,Male,19305,PhD,Panama,88269
43082,Kenneth Patterson,52,Male,18232,High School,Niue,118272
59998,Jordan Parrish,60,Female,17694,High School,Israel,74813
70699,Joann Black,51,Female,18777,High School,Bhutan,109628
90804,Tamara House,50,Female,18634,High School,Singapore,73465
12040,Erica Baird,57,Female,19595,High School,Bhutan,116199
31554,Tammy Newman,28,Female,18297,Bachelor,Nigeria,97912
25035,Martin Holder,45,Male,19937,High School,United States Minor Outlying Islands,31395
89326,Parker Jackson,47,Male,17571,High School,Cambodia,35496
80820,Karl Norris,36,Male,16555,High School,Ghana,77037
97432,James Kennedy,41,Male,15509,High School,Nigeria,116031
66060,Stephen Woods,20,Male,17241,Bachelor,Bahamas,34662
41632,Daniel Gonzales,44,Male,17766,High School,Norfolk Island,41948
90631,Judith Harris,21,Female,18625,Bachelor,Brazil,111708
51542,Philip Mann,47,Male,19063,Bachelor,Vietnam,58803
93570,Daniel Garner,43,Male,17254,High School,Georgia,83303
69730,Jose Clark Jr.,49,Male,17522,Master,New Zealand,75575
7040,Jonathan Becker,47,Male,19000,High School,Egypt,30582
62798,Michael Robinson,29,Male,17038,Bachelor,Uzbekistan,104204
85539,Eddie Taylor,43,Male,16395,High School,Samoa,100077
4217,Jared Lee,37,Male,16158,Bachelor,Guernsey,42432
80605,Margaret Johnson,46,Female,16797,High School,Panama,99794
23010,Wayne Smith,60,Male,19044,High School,United Arab Emirates,30306
6570,Jerry Adams,60,Male,17301,High School,Nigeria,94474
30434,Joel Elliott,26,Male,18516,High School,Cambodia,114641
66793,Judith Holmes,24,Female,15816,Bachelor,South Africa,107242
17617,Justin Frost,48,Male,18767,High School,Saint Pierre and Miquelon,68023
79797,Jeremiah Gregory,31,Male,19854,Bachelor,Ghana,82217
26401,Jason Morales,35,Male,16928,Bachelor,Slovenia,69397
1770,April Frederick,27,Female,19086,Master,Lithuania,59061
89312,Abigail Edwards,23,Female,16227,High School,Angola,64158
57688,Hunter Willis,31,Male,18117,Bachelor,Gabon,112956
4154,David Page,27,Male,16568,High School,Norfolk Island,59333
73995,Tracy Potter,37,Female,15659,PhD,Saint Pierre and Miquelon,86873
54934,Mary Johnston,41,Female,18906,Bachelor,Saint Kitts and Nevis,91131
52018,Amy Jenkins,56,Female,16194,Master,Benin,117500
63074,Vanessa Mccormick,52,Female,18874,Bachelor,Reunion,53445
